card0,card1,card2,card3,card4,hand
6H,9C,9S,3H,JC,pair
QC,7H,KS,3S,QD,pair
KD,6C,JD,6S,AD,pair
KD,8S,QS,4C,AH,high card
TC,QH,QD,2S,7C,pair
2D,3C,TD,7C,9S,high card
5C,2D,JH,TH,5H,pair
6S,8H,JC,5H,4S,high card
AC,8D,8S,JD,JS,two pairs
JD,6D,KS,9C,5S,high card
9H,AD,7C,9D,TH,pair
4C,5C,2S,7H,4H,pair
4H,6H,4D,3C,3D,two pairs
8S,KS,AD,3H,KH,pair
6S,KS,9S,KD,AD,pair
5C,TH,TS,KS,9D,pair
AH,6S,QD,3C,9D,high card
2S,2H,QD,9C,4H,pair
8H,4S,6D,KH,7H,high card
KD,QD,TC,JS,TH,pair
QD,TH,AH,JS,9S,straight
5H,QS,8D,JH,6D,high card
5C,JH,QD,9H,TC,high card
4C,5S,KS,QS,4H,pair
5C,AS,7C,6S,9D,high card
AC,7H,9H,JC,2S,high card
AS,8S,QS,AC,8C,two pairs
AH,6D,AC,5H,7D,pair
KH,JS,QD,4S,KD,pair
4S,8D,7D,JS,QC,high card
7S,2D,9D,7D,KS,pair
9H,6D,3C,3S,9D,two pairs
7D,6C,JD,QC,QD,pair
7H,2H,JD,3D,9C,high card
5C,5D,AH,7H,AD,two pairs
4S,7S,2C,TH,AS,high card
8S,9D,7C,TD,QS,high card
JD,8H,QC,KD,4D,high card
6S,9D,JD,4C,3S,high card
JD,JC,QD,8H,4C,pair
6S,7H,9C,9S,AH,pair
9H,QS,TD,4H,TS,pair
3C,6C,6H,JD,KC,pair
3C,QS,9H,AC,8D,high card
4S,3C,TC,AD,JC,high card
9S,AD,6C,TH,8C,high card
JS,9D,2D,5H,4S,high card
4S,TH,TS,5C,TD,three of a kind
3H,4C,6S,AC,TC,high card
6D,JD,QH,JS,KS,pair
3C,TH,7C,QH,KC,high card
8D,3S,9C,3C,2H,pair
JS,2C,3H,9C,3S,pair
5C,JH,7D,TD,7S,pair
9D,TD,2D,5H,TC,pair
QS,KD,KH,TD,9D,pair
3D,QS,JH,7H,2D,high card
3H,QC,2H,AS,JH,high card
QD,TC,2C,7C,7S,pair
2H,8C,8D,3H,4D,pair
QC,AD,2C,TC,6S,high card
9H,AD,7D,QH,2C,high card
5C,7H,QS,AH,4H,high card
9D,TH,2C,5D,8C,high card
8S,9H,9C,4S,7S,pair
KC,QC,4C,8C,KH,pair
2H,TD,8D,5C,AH,high card
9C,QD,AD,9S,7C,pair
6S,4H,2C,KC,QS,high card
AC,QC,2H,JC,KH,high card
AH,7D,5D,2D,4H,high card
7H,TC,KC,2D,3D,high card
3H,8C,KH,7S,3S,pair
AD,TH,JS,4C,8C,high card
3H,6H,TD,7S,5C,high card
KH,2C,9D,QD,9C,pair
6H,3D,8S,JD,3H,pair
4C,5D,2S,6H,KH,high card
5S,4C,6S,TS,6D,pair
4C,8S,JD,TD,2D,high card
6C,2H,AC,7D,KH,high card
5C,7C,6C,AS,3C,high card
4D,5S,JH,TC,3H,high card
8D,KD,KC,6D,AH,pair
2D,TC,QD,QC,4C,pair
2D,TD,7H,JH,9D,high card
3H,AC,9S,5C,6H,high card
TD,7D,JD,8S,7H,pair
QS,KD,QD,KH,8D,two pairs
6C,7C,JD,JS,3D,pair
5C,8H,TH,KC,KD,pair
AD,3H,QD,QC,TC,pair
QC,5D,7D,9C,3C,high card
4H,AD,6C,4C,QS,pair
4C,6S,QD,JC,9D,high card
JC,TH,6H,JD,2D,pair
KH,QC,8D,TH,3D,high card
QS,6H,5H,QH,TH,pair
5C,7S,KS,4H,QD,high card
6D,QC,8D,9D,JH,high card
2S,3S,5C,8S,AD,high card
5S,2D,2C,9H,AH,pair
2H,QH,7D,4S,6H,high card
9C,KS,3D,3C,8H,pair
6C,JS,2H,AS,9S,high card
7D,6C,7H,4C,5S,pair
3C,KH,9H,4S,TS,high card
QD,3C,TC,2D,3S,pair
7C,QS,JD,9D,TS,high card
4H,JS,9H,QH,AC,high card
9H,6H,JH,QC,AD,high card
8D,4C,AC,2S,JS,high card
QH,8S,2H,AC,2D,pair
TD,AD,2H,3S,8H,high card
4D,JC,7H,8D,3S,high card
9H,2D,4H,2H,7D,pair
2D,JD,2H,4S,7C,pair
JS,5D,3D,7C,9H,high card
AH,4H,5D,3H,AC,pair
QH,5H,9C,QD,9S,two pairs
QD,JH,AS,KS,4D,high card
TD,6C,5C,9H,6S,pair
7C,AC,JD,7S,JS,two pairs
9S,9C,4C,6S,TC,pair
7C,2H,4S,6D,7S,pair
TD,8S,8D,3S,2C,pair
QC,7D,3D,2D,5S,high card
6S,4H,KD,AS,6C,pair
6D,JS,8H,8D,9C,pair
9D,QH,7D,9C,2D,pair
4D,7H,7C,QC,5H,pair
2H,9D,4C,4H,TH,pair
AS,TC,KS,3C,2C,high card
AH,4S,3S,JS,3D,pair
AS,JS,9C,7S,AD,pair
2C,QC,JH,5C,5S,pair
QH,8S,2H,7H,KH,high card
6C,TD,2H,TH,3C,pair
4C,6H,QC,AH,7C,high card
8H,QC,TC,3S,2D,high card
7H,3H,TD,7S,2D,pair
9D,6D,8S,KH,6S,pair
8S,AS,KH,QS,AC,pair
KD,4S,5H,JC,QH,high card
4D,5C,4S,TC,2D,pair
9C,AH,6S,TC,9S,pair
TC,8H,6H,KS,3D,high card
6H,QS,QC,8C,5S,pair
4H,QH,3S,9S,4S,pair
TC,5S,2H,7H,TD,pair
JD,6D,AS,2D,7H,high card
3C,9D,7C,4C,5H,high card
5C,KH,3H,8D,8S,pair
7C,4H,AC,JS,5S,high card
JH,KS,AH,TC,3H,high card
8H,9H,TS,5H,7H,high card
TH,KH,4D,4H,9D,pair
7H,8D,2D,9H,5S,high card
JS,4C,4D,4S,8C,three of a kind
2D,JH,9S,KC,3D,high card
9D,8H,TD,5C,QC,high card
KH,TC,TS,2C,JS,pair
2C,KH,3H,3C,TD,pair
QC,8C,KH,2C,5C,high card
3S,8S,5H,2D,KD,high card
7D,5H,2H,TD,TS,pair
QH,KH,QC,JH,QD,three of a kind
9H,TD,QH,TC,JS,pair
2D,3C,7D,QH,8D,high card
AD,2H,6H,2C,2D,three of a kind
7C,TC,8H,QC,6H,high card
8C,TD,2H,9S,QD,high card
9C,4H,KH,7C,4C,pair
AD,2C,4H,TD,KC,high card
8C,2D,7S,QH,9D,high card
2S,9D,2H,AC,4S,pair
KD,AC,6C,2H,7H,high card
TC,QH,7H,QC,JH,pair
7S,6S,4H,TD,JH,high card
KH,AC,8C,KD,JD,pair
3D,6H,AC,AD,5S,pair
7C,QS,QH,9D,5H,pair
7C,AS,3H,6D,KH,high card
6C,2C,6S,TC,KC,pair
JC,2S,3C,QD,QS,pair
3S,KD,6H,JH,4H,high card
JH,9H,7C,KD,2S,high card
6C,TH,7H,4D,9S,high card
TS,5C,6H,AS,JC,high card
5C,3D,8S,4S,3C,pair
TH,AD,KD,2D,JH,high card
9S,3S,6H,KD,6C,pair
AC,7H,5H,6D,7C,pair
5D,9C,QS,3S,4C,high card
AC,QC,8C,QS,7D,pair
JS,TH,2D,8H,KH,high card
TH,JD,7S,7C,2S,pair
6D,7C,5H,AC,2S,high card
QC,5C,AS,4C,9H,high card
2D,2C,3C,2S,6S,three of a kind
QC,JS,7H,8C,AD,high card
2C,5C,TS,TD,AD,pair
QD,6S,KD,7S,3S,high card
JD,6D,7H,5D,8D,high card
3S,4C,5C,9D,8C,high card
2C,9D,5S,QD,AC,high card
3S,6C,6H,8H,KD,pair
QH,JC,3S,JD,9D,pair
2S,6H,2C,9S,3C,pair
TH,2H,8H,JC,AD,high card
7H,KS,QD,QS,6S,pair
6D,4D,9C,7H,5H,high card
6C,6D,6S,8C,3D,three of a kind
5C,QH,8D,7S,JH,high card
8D,5D,8C,9D,8H,three of a kind
6S,8D,4H,8H,6C,two pairs
4C,8H,AD,8S,AH,two pairs
AC,TS,AS,AD,QS,three of a kind
KC,9H,9C,TS,JD,pair
2H,3H,JH,6H,4C,high card
KH,KD,7D,2S,8D,pair
JH,9C,7D,TS,8S,straight
KC,9C,7D,KH,6C,pair
5S,7D,9D,KC,3C,high card
QC,QS,8C,AD,5S,pair
3S,8H,2S,9C,7D,high card
QH,8H,5D,KD,KH,pair
2H,AH,TH,8H,2D,pair
7S,9H,JH,8H,6C,high card
9D,2S,7H,AS,7C,pair
9C,5H,7S,6H,5C,pair
KH,6C,AS,7H,8D,high card
8H,JD,8C,9D,AS,pair
7S,AS,6S,9H,8S,straight
9D,8S,9H,TS,7S,pair
TS,6C,7C,5C,9D,high card
7C,9D,2S,5C,AS,high card
5D,AD,5C,9S,4D,pair
4C,6H,3H,JD,5C,high card
6H,7C,TH,2C,7S,pair
2S,8C,KS,KD,QD,pair
TH,QH,5D,TC,KS,pair
QC,JH,TD,6S,3D,high card
QC,9D,6S,KS,TC,high card
3H,JH,KS,KD,KC,three of a kind
AH,TH,KC,KS,AC,two pairs
TD,8H,AH,6C,JS,high card
3D,2D,9C,KS,2C,pair
TS,7S,3H,5C,TC,pair
AH,7D,4D,3H,2S,high card
6C,JD,TS,4S,5S,high card
KS,7H,AH,KD,2D,pair
TS,4D,2H,JH,3C,high card
TD,TH,6S,KC,AC,pair
2D,9C,KS,JD,7C,high card
6D,QC,5C,7S,TS,high card
9C,AS,KD,KC,TC,pair
TC,9H,6H,JS,8C,high card
7S,5S,JH,2S,9D,high card
2D,5D,6D,8C,7C,high card
AC,JS,QC,AS,AH,three of a kind
KD,8S,5C,7D,7S,pair
5H,6D,9C,9S,AC,pair
5C,8H,6H,2C,TS,high card
TS,KH,JC,2C,JS,pair
QC,6D,JH,3D,7H,high card
3D,AD,3S,6H,5C,pair
7H,TS,2S,JS,6S,high card
3D,4D,TH,AS,9D,high card
3C,5S,TH,5D,3H,two pairs
KD,QS,8D,6H,9S,high card
3H,8S,TC,2H,2D,pair
AC,JD,2C,AD,TD,pair
AS,6H,8C,7H,2C,high card
2D,JH,JS,JC,TH,three of a kind
TC,8H,4S,5D,5S,pair
5D,3C,4C,9D,AD,high card
8D,2H,TC,QH,2S,pair
4C,2C,JC,5H,9S,high card
9S,3C,KD,6D,3H,pair
AH,AC,3H,2H,8S,pair
QS,7S,9S,8S,AS,flush
KD,2D,6S,KS,7H,pair
7S,4C,4H,2D,9H,pair
QD,KD,7H,6C,5H,high card
QH,TC,9H,JS,8H,straight
9D,AC,JD,KS,7H,high card
5S,JH,TC,9D,JD,pair
JD,QH,3S,2S,7C,high card
3S,6C,5S,KC,5D,pair
8H,3D,4S,TS,AH,high card
4D,6S,AH,5S,AD,pair
5C,7C,8D,6C,2S,high card
6D,QS,7H,AH,7C,pair
TD,3S,8C,JS,JC,pair
JS,5D,QH,5S,6S,pair
TS,4C,4D,7C,TH,two pairs
JS,6S,TS,QH,5C,high card
AD,8H,KS,3D,7H,high card
7C,2C,3S,8S,JS,high card
3D,8S,7D,5D,JC,high card
QS,QH,6S,9S,8S,pair
9S,6D,4S,9H,7S,pair
JH,JC,4H,5C,QS,pair
QH,2S,JS,JH,3D,pair
QD,4C,2C,4D,TC,pair
4H,5S,9C,6S,JH,high card
2S,8D,AS,KS,JD,high card
4S,6H,AH,6S,8D,pair
AC,4H,3S,6S,6H,pair
5H,JS,JC,2S,4H,pair
4D,7H,3H,2C,AH,high card
JS,KH,9S,4S,9H,pair
6S,2S,QC,TS,6D,pair
3C,JS,TS,2C,TH,pair
TC,3S,3H,QD,6D,pair
2H,2D,7S,6S,AD,pair
TH,TD,4D,7C,KD,pair
JC,8C,7C,8D,2H,pair
5D,JH,4D,7H,JC,pair
AH,5S,JS,5H,5D,three of a kind
8H,TC,7H,7D,8C,two pairs
KS,5H,7S,KC,AC,pair
KS,KC,9D,7C,2H,pair
JC,9S,2C,AS,6C,high card
7H,5C,AC,8H,3D,high card
JS,QD,AD,AC,QC,two pairs
TH,TS,JD,KD,AC,pair
4H,QS,8C,9D,KC,high card
8D,AS,6H,6S,KS,pair
8D,QD,TH,JS,3H,high card
TH,2C,8S,2D,5H,pair
TH,QS,9S,6D,JS,high card
6H,6D,TH,7D,AS,pair
3D,AD,JS,3H,8H,pair
2C,7H,JS,8S,9H,high card
JC,5D,QC,2C,KS,high card
5D,7S,QD,4D,TD,high card
JH,9S,QS,5H,2S,high card
2S,JC,QC,4S,3H,high card
2C,QC,QS,8S,8D,two pairs
JH,AH,QS,5H,TH,high card
2C,8D,9D,KD,9S,pair
AS,JS,3D,KS,8D,high card
AD,JD,QH,8S,9D,high card
6D,7H,8H,2C,JD,high card
8S,8H,QC,AC,3H,pair
5H,8H,2H,5S,4S,pair
8C,4H,7D,5S,5D,pair
TH,AH,AC,JH,AD,three of a kind
9D,8D,TD,9C,AS,pair
TC,KD,KS,7H,6D,pair
3C,TD,TH,2D,6D,pair
TC,7C,JH,7S,5C,pair
KS,4H,9D,2H,4S,pair
QC,QS,9S,AD,7H,pair
3S,JD,8H,6H,2H,high card
2H,5H,3H,7H,4D,high card
8S,5H,7C,KH,KD,pair
2D,8C,7H,2H,KS,pair
4D,4S,6H,9D,7C,pair
7S,6C,AD,QS,QD,pair
9S,9D,6D,3S,8H,pair
8H,7S,3H,KD,JC,high card
3D,JD,2D,KS,8C,high card
5D,KD,7C,AS,TD,high card
5D,6S,JD,6C,JH,two pairs
7S,AD,QS,5H,5C,pair
QC,7D,6S,AD,9H,high card
TC,8D,8S,AC,5D,pair
8H,JC,AD,4C,5C,high card
5S,QS,4D,3H,6D,high card
7D,7H,3D,6D,3C,two pairs
7C,7H,5H,2C,7D,three of a kind
3C,4D,9C,5H,KH,high card
AH,6H,4H,TS,2S,high card
TC,8D,QS,6S,2D,high card
2H,4H,3C,AS,2S,pair
6H,8C,KS,2C,QS,high card
2H,AD,5D,JH,4S,high card
6H,9D,AD,9H,8H,pair
TD,KH,9C,9H,2D,pair
9S,5H,8C,2D,6C,high card
QH,9S,6H,KC,5S,high card
TD,3D,3H,7S,2D,pair
5C,JS,AC,2D,2H,pair
JH,3S,5S,AH,JC,pair
KC,QS,KS,8C,9C,pair
KS,8C,TS,KH,TH,two pairs
3C,5S,KC,QC,TC,high card
7H,6C,QD,3C,8D,high card
QD,3C,TD,4H,AD,high card
AH,2C,2D,9S,AC,two pairs
7H,2H,TD,6C,KC,high card
6D,JC,4S,5C,4C,pair
TS,6S,KS,QC,QS,pair
6D,KC,4H,TD,7C,high card
9D,KH,9H,AH,9S,three of a kind
4C,JD,9H,QS,3D,high card
4D,TH,7S,7D,3S,pair
5C,9H,TH,3S,2D,high card
3H,7D,9S,6S,QH,high card
7H,5D,6D,4H,QC,high card
9S,2D,2H,6D,JS,pair
AD,8S,2D,7C,4D,high card
9C,3S,QH,4H,5C,high card
9H,5S,2D,JC,8S,high card
TH,9D,7C,7H,QC,pair
2C,9D,JD,JC,QD,pair
7S,KH,QD,5H,3H,high card
6S,7H,8C,QD,AH,high card
AS,6S,3H,6C,6H,three of a kind
5D,AS,AC,4H,8H,pair
AH,2H,3C,TS,5C,high card
4C,6C,TD,5H,6D,pair
KC,8C,3S,7H,7D,pair
8C,8H,2C,7D,7S,two pairs
9D,TS,3D,6D,7C,high card
4S,KD,KS,AS,JD,pair
8D,TS,9S,8S,7S,pair
3H,QH,2D,4H,KD,high card
5C,3C,JS,KD,KS,pair
2D,4H,7C,3S,6D,high card
6D,3D,2D,2H,9S,pair
TC,9D,8S,6S,JS,high card
4D,KD,5D,6D,5H,pair
AC,TD,3D,2D,8D,high card
6S,3H,QC,9D,7S,high card
TD,5H,TH,TC,8H,three of a kind
4H,7D,KH,5H,6S,high card
JH,TC,2H,5S,4S,high card
9D,2S,5S,TH,6H,high card
7D,QH,TD,AS,6H,high card
JD,KD,9S,JC,QS,pair
TH,9H,7S,QD,8D,high card
9D,7D,QH,TC,7C,pair
3H,JH,KC,7C,7S,pair
JS,KS,6D,6H,AD,pair
3D,9C,QS,6D,KC,high card
JH,5C,3C,2H,5H,pair
5S,5D,4S,6C,7D,pair
AC,2D,KC,TH,TD,pair
TC,TS,8S,5H,7S,pair
JS,TS,KS,4C,9D,high card
QD,AD,7S,JH,QS,pair
3C,TH,AC,8S,6S,high card
AC,JC,7S,AS,KD,pair
JC,9H,KS,9C,JD,two pairs
AC,7C,5D,3H,8C,high card
AC,2C,9H,4S,QS,high card
4C,2H,3C,6H,7C,high card
2S,3S,2C,TS,7H,pair
2S,4C,6D,TC,8C,high card
6D,3H,2C,KC,JD,high card
4S,TH,5D,2D,7S,high card
TH,2C,JS,8S,AD,high card
TH,QC,KC,5S,8C,high card
6D,QD,4D,JH,7S,high card
2H,3H,7S,2D,5C,pair
3C,9D,4H,3D,AH,pair
TC,2C,8H,QH,KD,high card
JH,4D,2C,6S,7D,high card
2D,3D,5H,2H,8H,pair
9C,TC,AS,9D,5D,pair
KS,QH,2C,5S,3H,high card
KS,AS,JD,QD,2S,high card
KS,4S,5D,AH,KD,pair
6C,AH,TS,QS,6H,pair
JS,8D,3D,TH,9H,high card
2D,JD,5D,4D,9C,high card
AS,AD,QS,5D,TS,pair
8S,5S,9S,KS,TH,high card
8S,QC,7C,JC,JS,pair
4D,3S,QC,QH,6H,pair
4C,3H,4D,6D,5H,pair
3H,JC,6S,8C,7S,high card
TS,JD,6D,7D,2C,high card
3C,KS,8C,AD,TC,high card
QS,8C,JC,3C,2H,high card
2H,4C,2S,8D,4H,two pairs
AH,3H,5D,7H,8D,high card
5S,KS,9C,7S,8H,high card
4D,TS,TC,8S,5D,pair
4S,2H,9H,2C,8S,pair
KH,4S,2C,JH,3H,high card
QD,JC,7D,AS,4H,high card
AD,9C,6C,8C,JH,high card
3S,QC,4S,8D,2H,high card
8C,5S,AD,4C,2D,high card
6H,AD,7C,QS,JC,high card
AD,QH,7C,4H,QS,pair
QS,3D,TD,7C,7S,pair
4C,3H,JC,6H,6S,pair
6H,AD,TC,TH,TS,three of a kind
4S,TD,7S,QC,9H,high card
AD,AC,3H,3C,2H,two pairs
3D,4C,KD,QH,4D,pair
QS,5C,KD,5H,AS,pair
5C,9S,3S,KH,3H,pair
QH,9D,3C,KH,QD,pair
AH,QD,7D,9C,KS,high card
AD,JC,7S,TD,2S,high card
JH,5D,7S,7H,2H,pair
3S,2D,KH,JD,TH,high card
2H,JC,8D,7D,JD,pair
JS,3C,7D,KS,TH,high card
QC,9C,8C,QH,QD,three of a kind
3D,6D,4C,3C,JS,pair
6D,JH,4H,2C,QD,high card
8C,AH,JC,TD,8S,pair
AS,5D,QS,4C,5H,pair
KH,JC,3C,TS,5C,high card
5S,7D,2D,9H,QS,high card
AD,KC,TH,9H,2D,high card
2S,3D,4H,KD,5S,high card
5S,TS,6D,3S,9S,high card
7D,2H,AS,7H,KH,pair
5S,QH,8D,9C,5D,pair
JD,3D,9H,6C,4S,high card
TH,9S,9C,2S,TS,two pairs
KD,5H,6H,8S,QD,high card
5D,4S,AH,2D,3C,straight
JH,8S,8C,KC,4D,pair
6H,9S,AD,3H,6S,pair
QC,6D,AH,8D,QD,pair
9D,3D,4D,6C,2S,high card
KD,TS,AD,TD,4C,pair
4D,2S,KD,9H,6S,high card
JC,2C,6C,TD,6S,pair
7C,8H,2C,JH,KH,high card
2H,3H,AC,4H,4C,pair
4S,KC,AC,7S,TS,high card
4C,8D,QH,KD,AS,high card
QS,AD,TS,TC,KD,pair
5H,3D,KH,JD,9C,high card
AH,9C,4D,4H,9H,two pairs
6D,4C,JC,2C,5H,high card
7H,TH,5D,QS,3S,high card
9H,7H,4D,TD,3C,high card
QC,2H,AH,4C,9D,high card
8S,4H,KH,7D,8C,pair
4H,3S,9H,QD,KD,high card
JD,7C,9C,8C,5C,high card
AS,4C,2H,5H,AD,pair
TH,2H,3C,7C,AS,high card
KD,KC,7C,QC,4D,pair
AS,QC,9S,4S,8D,high card
AC,QD,2C,2S,9D,pair
TH,KH,5H,JH,3C,high card
JS,3S,4H,QS,AS,high card
3D,AC,TC,6C,8H,high card
4H,AD,7C,JH,2D,high card
QD,2C,5S,7D,8D,high card
9H,TD,5D,KH,QH,high card
4D,QS,8H,9C,3S,high card
TS,KS,8C,6D,6S,pair
5S,9C,6H,2C,3S,high card
3S,AS,KC,5D,9H,high card
8D,2C,4D,QS,TH,high card
QC,9H,QS,9S,2H,two pairs
6S,5C,2C,6D,JC,pair
2C,2S,JS,3S,4C,pair
6C,KS,TD,5C,TC,pair
3S,9H,3C,7D,7H,two pairs
QD,2S,5H,3D,KD,high card
4C,TD,QH,6C,6S,pair
AD,TS,9C,4C,6D,high card
AD,2D,KD,JC,6H,high card
4C,KS,3H,8S,JS,high card
AC,QH,9S,TH,JC,straight
8H,9C,2C,4S,6C,high card
7H,KD,5S,9H,6C,high card
6H,5D,9C,8S,3S,high card
2S,6S,QH,7S,3D,high card
QH,AS,2S,9C,2C,pair
3C,7H,KC,QS,6H,high card
9D,6D,9S,4S,QC,pair
6H,8H,QS,9H,KD,high card
8H,9S,2C,5H,3H,high card
QH,6S,8C,TC,9S,high card
7D,5H,KS,TD,7H,pair
6C,9C,5D,3C,KH,high card
9C,TS,4S,7D,7H,pair
6S,3S,9C,3C,AC,pair
JH,AS,TD,2S,7H,high card
6H,AH,AD,TC,KS,pair
TD,JC,TS,9H,8D,pair
6H,9S,TH,8C,5H,high card
KC,TC,8D,AH,3H,high card
5H,AC,4H,3D,4D,pair
5D,6H,JH,8H,TC,high card
TC,AS,5C,3H,5S,pair
7S,KD,AD,2C,JC,high card
KH,KS,QH,6C,8C,pair
TD,5C,JC,6D,8S,high card
9C,JC,8D,3C,AH,high card
TC,7C,KD,3C,AH,high card
AC,5H,JH,5S,QH,pair
7C,JC,6C,5H,AD,high card
TS,JH,2H,AH,7D,high card
AH,QS,TH,2D,5H,high card
4H,7D,8C,5S,JS,high card
8C,KC,2S,JC,JH,pair
3S,QC,QH,4S,3C,two pairs
5D,KD,6C,2C,AH,high card
JH,2C,8D,8C,JD,two pairs
QH,3S,5H,6C,TH,high card
JD,7H,9C,5S,2D,high card
KC,QS,4D,TC,5S,high card
QS,KH,2C,8C,7D,high card
TS,7H,QC,3S,7S,pair
6D,6C,8H,7D,TH,pair
9D,9H,KD,KC,7H,two pairs
4C,QS,9H,AH,4H,pair
5S,JC,QC,QD,7C,pair
3H,4S,4C,8C,JC,pair
7H,3C,2H,7C,6S,pair
6D,KH,9H,JC,TC,high card
JS,9C,7C,6S,JC,pair
5C,QC,2C,8C,KD,high card
6H,JH,9C,2C,5S,high card
AH,KD,8D,4C,TH,high card
2S,KD,7D,AC,QH,high card
5S,JS,KS,3H,QD,high card
7C,QS,3H,3D,5S,pair
5D,TS,KS,8H,JH,high card
KH,7D,2H,AC,KC,pair
QC,QH,4H,QS,7H,three of a kind
8S,KD,QH,7C,3S,high card
JC,TS,6H,6C,6D,three of a kind
4D,5H,JD,8D,7D,high card
JS,AS,5S,KH,6C,high card
4H,7S,6S,AS,QS,high card
KS,7S,TH,AC,3H,high card
AD,KD,4S,TC,7S,high card
4C,7D,QD,5D,AC,high card
4D,3H,8C,AD,KS,high card
4D,9C,AH,3S,6H,high card
TD,6D,AH,4H,2D,high card
9S,3H,4C,2H,KD,high card
6S,9H,9D,5S,AH,pair
8C,4D,AH,5C,2C,high card
KH,TS,QC,JD,9C,straight
QC,KD,5D,KC,KH,three of a kind
QC,4H,8H,TS,TD,pair
QS,3C,8D,QC,4C,pair
4C,KS,KC,8D,KH,three of a kind
5C,2D,8C,8D,QC,pair
2S,QD,3D,TD,7D,high card
AH,2H,7H,3C,7D,pair
3D,KD,JH,AC,7D,high card
KD,2H,4C,QH,AH,high card
8H,2C,5C,3H,KC,high card
5D,KS,2D,9D,8H,high card
3H,JC,6D,AH,9C,high card
QC,JC,TC,TH,8S,pair
KS,JD,3H,4S,AS,high card
4C,KH,4D,TH,QH,pair
JS,3H,3D,6H,6D,two pairs
QD,5S,3H,6S,KH,high card
KC,4S,2H,3H,AH,high card
AC,AD,TH,5C,3S,pair
7S,2H,JD,KS,3D,high card
TS,TC,5C,6S,2S,pair
JH,5C,2S,7C,QC,high card
9S,KH,8D,9D,3C,pair
4D,2D,AH,6D,7D,high card
8H,6C,2D,8D,7H,pair
7S,8H,TC,JC,AC,high card
TC,6C,2D,7D,6D,pair
6C,4H,8C,TD,7C,high card
7D,JC,KD,9H,JH,pair
QD,8S,8D,5S,4H,pair
KH,2S,6S,TS,7C,high card
8H,5D,7D,4D,JH,high card
KC,2H,JC,9C,TH,high card
3D,7S,TC,2C,AH,high card
6C,4S,7C,TS,7S,pair
AS,KH,JH,2D,9C,high card
AC,KS,6S,9D,TH,high card
QD,9D,5C,7S,5S,pair
8C,KD,2S,6C,4C,high card
3H,7C,2D,KH,6D,high card
QH,TC,KD,4D,5D,high card
KH,3H,KD,3S,2C,two pairs
QH,AH,KS,5C,AD,pair
8C,6S,8D,JH,JS,two pairs
AC,8D,TC,4C,3D,high card
9D,AS,QS,2H,2D,pair
7C,JH,AH,QH,JS,pair
7S,3H,7C,8H,TC,pair
AC,5S,JC,QC,AS,pair
8H,4S,5S,6D,QD,high card
7C,6C,9C,6H,6D,three of a kind
3D,7D,8H,KH,9H,high card
7C,2C,JD,KC,6S,high card
9C,4C,7H,9D,KH,pair
8S,KC,QD,5D,9S,high card
KH,7C,9H,JC,AS,high card
3H,AC,4S,5H,8H,high card
TS,7S,KH,AS,6D,high card
QS,9D,5C,JC,7D,high card
KH,9H,2S,TD,AC,high card
4D,6S,8D,KD,5D,high card
TH,8S,3C,5H,8C,pair
KD,KS,7S,QD,9D,pair
TH,KS,4H,4D,2C,pair
3C,5D,QD,8D,4D,high card
5H,6H,8S,AS,2S,high card
6D,9S,4H,TH,7D,high card
KC,KH,4D,6S,7C,pair
3D,QH,7S,2S,9D,high card
3D,6H,3S,9C,6D,two pairs
8H,QD,TS,3S,4S,high card
8D,TH,QC,9S,7C,high card
TH,QC,QD,9C,KD,pair
7S,9H,2C,AH,6S,high card
5D,TS,9C,KS,JH,high card
3C,6S,8D,4S,6D,pair
6D,QC,7C,7S,9H,pair
8S,QD,AD,3C,9C,high card
TS,5D,QD,JH,KD,high card
9H,7D,6H,5H,JH,high card
3S,9S,4S,QD,TC,high card
8S,8H,QH,QC,3S,two pairs
TD,4H,6C,6H,5D,pair
JS,3S,4D,6C,7S,high card
3D,2S,KS,4C,8S,high card
8S,9H,AC,8D,KH,pair
AC,7C,JS,5D,JC,pair
TH,QC,KS,QS,JS,pair
9C,KS,4S,KD,KC,three of a kind
6H,9S,KS,5S,7H,high card
KD,JS,4D,QS,TC,high card
AH,QD,5H,4D,TS,high card
TS,3S,2D,6C,5C,high card
8D,7D,3C,QD,4C,high card
QS,TH,6S,9C,KH,high card
TH,QC,2H,9S,KS,high card
QC,AD,7S,9H,8C,high card
AD,6D,QS,3C,7C,high card
5H,3S,QH,9C,AC,high card
AS,6H,6S,2C,QS,pair
8D,JC,TH,AD,AC,pair
6H,JH,9S,4C,2H,high card
QH,4D,5S,6C,TC,high card
5S,7C,QD,3D,2H,high card
TC,JS,5C,3H,JD,pair
AC,9H,5S,7C,8S,high card
9C,AC,8C,2S,QS,high card
9D,5H,7D,8D,8S,pair
3D,5C,QS,AC,8S,high card
JS,9C,7D,7H,5C,pair
4C,TD,7D,TC,2D,pair
6C,KH,QC,TH,6H,pair
2C,JH,TD,3H,KD,high card
2S,KS,AC,JS,4C,high card
TS,AD,KC,TH,8H,pair
5C,7C,7H,8D,4C,pair
2C,9H,2D,6D,4H,pair
AD,QD,6C,9S,TH,high card
3C,4C,TS,AS,TH,pair
5D,9H,TH,2D,AS,high card
2S,6D,AC,6C,4S,pair
8C,TC,4S,KS,JH,high card
QC,QH,AS,8H,3C,pair
KH,6S,TH,JD,2H,high card
6C,QD,TS,KC,8C,high card
3H,KS,2S,6D,8C,high card
AS,JD,QS,TC,6D,high card
AS,9C,KS,5D,KH,pair
2C,7C,9C,AC,4H,high card
JS,TH,3C,3H,2C,pair
TC,3D,JD,4D,QH,high card
KS,AH,8H,8D,5S,pair
6C,4H,5H,3H,9H,high card
KD,8C,2D,9C,3S,high card
3H,3C,7H,AD,4C,pair
6S,TH,JS,5S,AS,high card
9S,TD,2S,9D,4D,pair
9S,8C,4H,KS,9C,pair
6C,JC,2S,2H,4H,pair
QD,8S,TS,7D,3D,high card
4H,6H,TH,AC,8S,high card
8C,AD,9S,JS,2C,high card
KD,7S,6H,2S,9D,high card
9C,AD,QC,TH,8D,high card
TH,2H,AD,6D,KS,high card
2C,9D,5C,KS,3H,high card
8D,6H,AC,KC,TD,high card
2H,QC,2S,9D,5H,pair
4D,8C,JC,7D,JS,pair
4C,4S,7C,KS,TH,pair
AH,9D,5D,9H,KD,pair
3C,JC,2S,5H,7D,high card
JC,JH,KD,8D,KS,two pairs
9C,6D,2D,TD,QC,high card
2H,5D,6C,8D,4D,high card
6H,8C,JS,JD,AS,pair
8H,9S,QH,5D,6S,high card
JH,9H,6C,QC,QH,pair
JC,9S,9D,7S,4C,pair
5D,9C,3H,KC,6C,high card
JD,AC,4H,2D,2H,pair
4D,8H,7D,KH,3D,high card
3H,QS,7D,9D,4S,high card
5S,8H,QS,4S,3S,high card
QS,2D,AC,KC,8S,high card
KC,6D,9H,KD,TS,pair
8H,2C,3H,KH,5S,high card
9C,7D,JH,3H,8C,high card
3C,AC,2S,9C,6D,high card
9C,3S,5D,7D,3D,pair
3H,6S,8D,6C,JC,pair
JD,TC,KH,9C,7C,high card
2H,9C,9S,QD,3S,pair
5S,KD,4D,TH,JD,high card
KC,JC,7H,AD,TC,high card
AC,QD,JC,7D,6H,high card
8C,KS,3C,8S,8H,three of a kind
9D,5S,AH,TS,7H,high card
6H,JH,JS,7S,5D,pair
8S,9D,TD,JC,QS,straight
2S,QC,4S,KS,3S,high card
6D,4C,4D,2S,AS,pair
2S,7D,6C,8H,KD,high card
QS,KH,8D,9S,6H,high card
7D,TH,3H,9H,5S,high card
6S,KC,3H,JS,4H,high card
AH,5S,9D,AD,6D,pair
7D,6S,8D,KC,TC,high card
5D,7H,4C,5C,AD,pair
3H,AC,2C,8C,TS,high card
AD,TD,3S,5H,2C,high card
2C,TH,8D,7C,AC,high card
4D,AH,9S,9H,JS,pair
5S,5C,4H,4D,6D,two pairs
JC,2D,8H,9C,QD,high card
QC,9C,TH,KS,6D,high card
QD,6S,2S,KS,6C,pair
AS,6S,JC,2C,2D,pair
3C,KD,QC,AS,QD,pair
QS,QC,8D,QH,9C,three of a kind
5C,QD,AD,TH,8S,high card
JS,KD,TH,4S,6H,high card
8C,8D,QH,4S,3C,pair
QS,QH,8S,JC,TC,pair
AH,5D,2H,5H,5S,three of a kind
4D,5S,QD,AD,6S,high card
8D,3C,8C,JD,5S,pair
8D,TH,8S,9D,9H,two pairs
KH,9S,AD,JS,QH,high card
TC,JH,QH,AD,4S,high card
6S,AD,QC,2S,JC,high card
QC,9H,7H,AC,KD,high card
AC,5S,6S,3S,9D,high card
7D,KH,QD,8S,TS,high card
7D,4H,TS,QC,QD,pair
5H,4H,5S,TD,2H,pair
QC,6C,TC,4D,7S,high card
3H,3S,6S,3C,AC,three of a kind
JD,5H,3S,JC,5C,two pairs
3H,AH,9S,QS,JS,high card
7D,8S,5S,AD,2C,high card
QC,4D,TD,8C,9S,high card
JD,6D,8C,4H,TS,high card
7C,3D,TS,KS,TH,pair
AD,KS,KH,5H,9S,pair
7C,KH,AD,JS,9D,high card
9C,5D,AS,6D,9S,pair
2D,7C,3C,KH,2S,pair
9C,3D,2S,QD,2C,pair
AD,AH,9D,6S,4D,pair
3C,7S,AC,2H,JH,high card
9S,3D,7H,8C,JC,high card
6H,2H,QS,4D,6C,pair
AS,TD,JH,5D,3S,high card
4H,5C,6S,TC,QD,high card
7S,2C,QH,KH,4S,high card
3C,KH,3H,6C,AH,pair
KH,7D,KS,QH,AH,pair
7H,JD,8C,3S,7S,pair
9S,4D,5C,4C,KD,pair
4D,JC,7C,7H,QC,pair
2H,7D,2C,8S,JS,pair
TS,5S,4S,7D,8S,high card
8S,9C,8D,TH,6C,pair
KS,3H,3D,QD,7C,pair
7S,AS,4D,3D,AH,pair
JC,4D,KC,2H,6C,high card
TS,6D,4S,7S,3D,high card
TS,QC,KC,KS,7C,pair
9H,AC,4S,QH,2D,high card
3D,TC,TH,7S,2H,pair
3H,7C,4C,6D,TD,high card
TD,2C,JC,2H,7H,pair
7C,8S,AS,KD,TH,high card
7D,QS,2D,3C,5D,high card
9D,4S,AS,JS,9C,pair
QD,2C,2H,5S,6D,pair
AH,QD,7H,9H,2D,high card
AD,4C,JD,KC,2C,high card
AH,9C,4C,6S,7S,high card
QC,4S,4H,9S,AS,pair
AH,QD,6D,6H,JD,pair
JD,3H,6D,5C,2H,high card
5C,9S,2C,4C,TH,high card
QD,JH,3C,8C,9S,high card
QH,KS,2H,AD,4S,high card
KS,7D,6S,8C,4C,high card
7H,5H,2C,8H,6S,high card
8D,2C,5D,3S,4H,high card
2H,AC,2C,QC,3D,pair
TC,KC,KS,6C,3C,pair
9D,TD,JS,8D,TH,pair
2D,7D,KD,2C,AC,pair
TH,QD,2C,7H,6H,high card
AC,JD,JH,5S,2H,pair
2D,4S,5H,7H,7C,pair
TD,5C,TS,3D,9D,pair
5C,2C,7H,2H,AH,pair
KH,9H,8H,TS,8S,pair
8D,QD,AD,8S,7C,pair
AH,6S,TD,6H,QD,pair
8H,TD,JS,QD,AS,high card
QS,7H,AD,8S,6H,high card
TC,KH,4D,5D,9C,high card
7S,AD,3D,9C,QH,high card
AS,7H,KS,8S,6H,high card
3C,2D,2C,8H,JC,pair
TH,KD,5H,QD,2S,high card
4S,7C,KS,6D,9C,high card
KS,3C,2H,TH,AD,high card
6C,7H,KH,JS,JC,pair
4H,TH,9H,8S,4S,pair
AC,TH,KH,AH,7C,pair
TD,3C,7D,7C,5D,pair
8S,6H,AS,TH,TD,pair
QS,3H,5C,6H,8D,high card
6D,JC,5H,QD,5C,pair
KD,KC,5H,AS,4C,pair
QD,TS,4C,4H,6C,pair
7H,AH,JS,8S,4C,high card
6S,2C,AS,TC,TH,pair
4D,TH,7S,5S,AC,high card
KD,3D,7H,8H,9D,high card
JC,AC,8H,6C,4C,high card
2H,9H,5S,8C,JD,high card
JD,6C,2S,TH,QH,high card
7S,2S,2D,2H,4H,three of a kind
4C,9S,AC,QC,KC,high card
AD,4S,9C,KC,JS,high card
2S,TS,TD,9C,7S,pair
6H,7C,TH,8C,AD,high card
6D,2D,QD,4S,3D,high card
AS,5C,7S,9H,8H,high card
4H,KS,9H,3H,9S,pair
TC,5S,6S,2S,JH,high card
4D,JS,KS,QS,JH,pair
AD,6H,9S,9H,JC,pair
7S,5C,6D,KS,QC,high card
2S,QD,7S,AS,AH,pair
7D,6C,2C,JD,6D,pair
AS,QD,8D,QH,2S,pair
9S,4H,AD,QH,8S,high card
4S,JH,QD,AD,3C,high card
5H,QD,7H,3H,TD,high card
4C,8H,TS,8D,8C,three of a kind
TH,6D,9C,6H,7C,pair
5D,3C,6C,5C,7S,pair
TS,JH,8S,QC,6D,high card
2H,3C,AC,8C,7D,high card
QD,6D,5H,TD,AH,high card
AH,2C,9C,QS,4C,high card
4H,TH,8S,JC,KD,high card
6H,3D,8D,2D,JC,high card
JD,6S,KH,9C,6D,pair
3D,AD,9H,5H,3C,pair
2C,TH,7S,AC,AH,pair
4H,4C,KH,JS,AS,pair
6C,6D,3C,KS,9H,pair
2C,3S,AS,AH,JH,pair
JD,7C,TH,AD,4C,high card
3C,7H,5S,4C,TS,high card
AD,8D,2D,4D,9C,high card
7C,7H,8C,2C,6C,pair
6C,QH,8C,7C,QD,pair
3H,2H,KD,6D,6S,pair
7H,JC,3D,6C,4C,high card
TH,JH,4H,KH,2S,high card
7S,6S,4C,2S,5H,high card
8C,3S,7C,7H,2S,pair
AS,3D,8C,AD,4C,pair
9H,JS,2C,QS,8S,high card
6C,QH,JC,TH,6D,pair
KS,JH,JS,5C,5D,two pairs
8C,QD,QS,3C,2C,pair
JH,9D,7C,7S,2H,pair
KS,KD,KC,3D,6H,three of a kind
5C,7H,2S,KD,TH,high card
